<?xml version="1.0" encoding="utf-8"?>
<Company>
  <Shortcut ID="0">
    <Platform>Android</Platform>
    <Name>App1</Name>
    <ConfigPath>EnterpriseBrowserShortcutFiles/App1/Config.xml</ConfigPath>
    <StartPage></StartPage>
    <IconPath>EnterpriseBrowserShortcutFiles/App1/barcode_scanner_down.png</IconPath>
  </Shortcut>
  <Shortcut ID="1">
    <Platform>Android</Platform>
    <Name>App2</Name>
    <ConfigPath>EnterpriseBrowserShortcutFiles/App2/Config.xml</ConfigPath>
    <StartPage></StartPage>
    <IconPath>EnterpriseBrowserShortcutFiles/App2/scan_rate.png</IconPath>
  </Shortcut>
</Company>